KJAX_Date,KJAX_Mean_Temperature,KJAX_Min_Temperature,KJAX_Max_Temperature,KJAX_Avg_Min_Temperature,KJAX_Avg_Max_Temperature,KJAX_record_min_temp,KJAX_record_max_temp,KJAX_record_min_temp_year,KJAX_record_max_temp_year,KJAX_Precipitation,KJAX_Avg_Precipitation,KJAX_record_precipitation
"Tuesday, July 1, 2014",82,72,91,72,91,65,100,1981,1990,0,0.21,7.26
"Wednesday, July 2, 2014",81,73,89,72,91,65,100,2000,1902,0,0.21,2.3
"Thursday, July 3, 2014",84,71,96,72,92,63,99,2000,1970,0.41,0.22,4.87
"Friday, July 4, 2014",81,70,91,72,92,65,99,2000,1954,0,0.21,1.4
"Saturday, July 5, 2014",82,73,90,72,92,66,100,2000,1877,0.01,0.21,1.85
"Sunday, July 6, 2014",79,70,88,72,92,66,100,1986,1969,0,0.21,3.49
"Monday, July 7, 2014",81,70,92,72,92,65,101,1988,1902,0,0.21,2.07
"Tuesday, July 8, 2014",82,72,91,72,92,61,100,1972,1879,0,0.21,3.78
"Wednesday, July 9, 2014",83,71,94,72,92,63,101,2006,1941,0,0.22,2.07
"Thursday, July 10, 2014",82,73,91,72,92,65,102,2000,1879,0.31,0.21,1.45
"Friday, July 11, 2014",81,72,89,73,92,65,104,1963,1879,0.27,0.21,3.14
"Saturday, July 12, 2014",76,72,79,73,92,66,102,1890,1879,0.38,0.2,3.97
"Sunday, July 13, 2014",80,71,88,73,92,66,102,1974,1980,0.02,0.21,2.35
"Monday, July 14, 2014",83,73,92,73,92,63,102,1974,1951,0,0.2,2.11
"Tuesday, July 15, 2014",82,72,91,73,92,62,102,1974,1981,0,0.2,3.16
"Wednesday, July 16, 2014",81,72,89,73,92,67,102,2001,1981,0.62,0.2,3.66
"Thursday, July 17, 2014",79,69,89,73,92,64,103,1980,1981,0,0.21,2.2
"Friday, July 18, 2014",79,71,87,73,92,68,100,2011,1887,0.71,0.21,1.1
"Saturday, July 19, 2014",82,74,89,73,92,65,101,2011,2000,0,0.22,2.17
"Sunday, July 20, 2014",83,73,92,73,92,68,103,2006,2000,0,0.22,3.17
"Monday, July 21, 2014",81,73,88,73,92,66,102,1929,1942,0,0.23,1.8
"Tuesday, July 22, 2014",81,72,89,73,92,67,101,1965,1942,0,0.22,2.5
"Wednesday, July 23, 2014",83,72,93,73,92,64,99,2007,1952,0,0.22,3.19
"Thursday, July 24, 2014",83,72,93,73,92,68,100,1977,1952,0,0.23,2.32
"Friday, July 25, 2014",84,74,94,73,92,64,101,1977,1875,0.02,0.22,2.14
"Saturday, July 26, 2014",83,73,92,73,92,67,102,2000,1926,0,0.22,2.94
"Sunday, July 27, 2014",86,76,95,73,92,67,100,1978,1872,0,0.2,3.01
"Monday, July 28, 2014",87,78,96,73,92,67,104,1920,1872,0,0.2,4.46
"Tuesday, July 29, 2014",85,75,94,73,92,69,100,2000,1875,0,0.2,2.88
"Wednesday, July 30, 2014",81,70,92,73,92,68,102,1894,2010,0,0.2,1.74
"Thursday, July 31, 2014",81,69,93,73,92,69,102,1914,1999,0,0.21,2.03
"Friday, August 1, 2014",84,74,93,73,92,68,102,1966,1999,0,0.21,3.73
"Saturday, August 2, 2014",82,73,91,73,92,68,101,1997,1999,0.59,0.2,3.38
"Sunday, August 3, 2014",81,73,89,73,92,69,99,1974,1957,0.7,0.21,2.72
"Monday, August 4, 2014",80,75,85,73,92,68,99,2001,2011,0.01,0.19,4.02
"Tuesday, August 5, 2014",83,74,92,73,92,69,99,1989,2011,0,0.2,3.23
"Wednesday, August 6, 2014",84,74,94,73,92,67,99,1969,1956,0,0.19,3.35
"Thursday, August 7, 2014",85,74,95,73,92,66,100,1950,1956,0,0.2,3.3
"Friday, August 8, 2014",84,74,94,73,92,64,98,2002,2007,0,0.19,2.66
"Saturday, August 9, 2014",84,73,95,73,92,63,101,2002,1987,0,0.2,2.04
"Sunday, August 10, 2014",83,74,92,73,92,66,99,1918,1987,0,0.21,1.92
"Monday, August 11, 2014",82,72,92,73,91,68,98,2002,2011,0.7,0.21,1.46
"Tuesday, August 12, 2014",82,75,89,73,91,65,100,1989,1874,0.01,0.2,3.15
"Wednesday, August 13, 2014",80,74,86,73,91,64,99,1890,1954,0.08,0.21,2.34
"Thursday, August 14, 2014",82,73,91,73,91,66,97,1890,1938,0.04,0.21,3.62
"Friday, August 15, 2014",81,73,89,73,91,67,99,1983,1956,0,0.21,3.06
"Saturday, August 16, 2014",83,73,93,73,91,67,97,1954,1957,0,0.2,3.83
"Sunday, August 17, 2014",83,73,93,73,91,67,99,1993,1954,0.25,0.2,1.4
"Monday, August 18, 2014",84,74,93,73,91,67,98,1945,1954,0.02,0.21,3.26
"Tuesday, August 19, 2014",84,73,94,73,91,64,99,1889,1900,0,0.21,3.22
"Wednesday, August 20, 2014",84,73,95,73,91,68,101,1960,1900,0,0.22,4.44
"Thursday, August 21, 2014",85,73,97,73,91,66,101,1961,1901,0,0.22,3.83
"Friday, August 22, 2014",86,73,99,73,90,64,100,1930,1900,0,0.22,6.8
"Saturday, August 23, 2014",87,75,98,73,90,65,98,1886,1966,0,0.24,2.51
"Sunday, August 24, 2014",82,73,91,73,90,66,99,1996,1987,0,0.25,4.46
"Monday, August 25, 2014",80,74,86,72,90,65,98,1997,1968,0.49,0.25,3.63
"Tuesday, August 26, 2014",78,70,85,72,90,64,98,1997,1872,0.14,0.26,3.74
"Wednesday, August 27, 2014",77,66,88,72,90,64,99,1984,2011,0,0.26,3.42
"Thursday, August 28, 2014",77,64,90,72,90,64,97,2014,1959,0,0.25,7.82
"Friday, August 29, 2014",80,67,92,72,90,63,99,1984,1990,0,0.26,2.73
"Saturday, August 30, 2014",82,72,91,72,90,64,98,1896,1948,0,0.25,3.88
"Sunday, August 31, 2014",82,71,93,72,89,64,98,1999,1970,0,0.26,2.93
"Monday, September 1, 2014",84,73,94,72,89,62,98,1999,1912,0,0.28,6.4
"Tuesday, September 2, 2014",83,73,92,72,89,57,98,1999,1970,0.1,0.29,4.13
"Wednesday, September 3, 2014",81,70,91,72,89,64,99,1972,1912,0,0.29,1.81
"Thursday, September 4, 2014",79,70,88,72,89,66,97,1972,1951,0,0.29,4.08
"Friday, September 5, 2014",79,70,88,72,89,63,98,1997,1999,1.27,0.29,5.56
"Saturday, September 6, 2014",80,73,86,71,89,61,98,1997,1875,0.58,0.29,5.92
"Sunday, September 7, 2014",76,73,78,71,88,63,96,1997,1951,1.31,0.29,3.85
"Monday, September 8, 2014",80,71,88,71,88,61,98,2011,1990,1.42,0.28,3.11
"Tuesday, September 9, 2014",79,71,86,71,88,62,97,2011,1990,0.55,0.27,6.1
"Wednesday, September 10, 2014",80,71,88,71,88,62,97,1956,1945,0,0.27,6.01
"Thursday, September 11, 2014",80,70,90,71,88,62,96,1998,1954,0,0.27,4.12
"Friday, September 12, 2014",81,71,90,71,88,61,96,1917,1991,0,0.28,5.43
"Saturday, September 13, 2014",82,72,91,70,88,61,97,1917,1991,0,0.28,2.96
"Sunday, September 14, 2014",82,72,91,70,87,62,96,1956,1991,0,0.29,1.9
"Monday, September 15, 2014",82,72,92,70,87,62,96,1996,1972,0.12,0.29,3.85
"Tuesday, September 16, 2014",77,72,82,70,87,57,97,2001,1990,0.74,0.28,6.61
"Wednesday, September 17, 2014",80,71,88,70,87,60,96,2001,1896,0,0.28,3.82
"Thursday, September 18, 2014",81,69,92,69,87,58,95,1981,1972,0,0.28,3.02
"Friday, September 19, 2014",77,70,84,69,86,48,96,1981,1942,0.37,0.29,2.84
"Saturday, September 20, 2014",73,68,78,69,86,48,95,1981,1925,0.23,0.28,4.68
"Sunday, September 21, 2014",76,64,87,69,86,49,97,1897,1990,0,0.26,5.27
"Monday, September 22, 2014",76,62,89,68,86,49,96,1897,1990,0.01,0.26,4.24
"Tuesday, September 23, 2014",75,69,81,68,86,53,95,1897,1925,0.05,0.26,5.1
"Wednesday, September 24, 2014",68,63,72,68,85,53,94,1990,1925,0,0.26,4.46
"Thursday, September 25, 2014",71,63,78,68,85,51,94,1990,1961,0,0.26,4.04
"Friday, September 26, 2014",74,66,82,67,85,55,96,1940,1961,0,0.25,9.82
"Saturday, September 27, 2014",75,71,79,67,85,54,94,1940,1970,0,0.26,5.26
"Sunday, September 28, 2014",80,73,86,67,85,56,96,1909,1900,0,0.24,4.8
"Monday, September 29, 2014",76,72,80,66,84,53,92,1993,1936,3.05,0.24,4.73
"Tuesday, September 30, 2014",74,70,77,66,84,50,94,1967,1959,0,0.24,3.25
"Wednesday, October 1, 2014",76,70,82,66,84,48,94,1920,1958,0,0.21,5.14
"Thursday, October 2, 2014",78,70,85,65,84,43,93,1876,1977,0,0.2,3.57
"Friday, October 3, 2014",78,68,88,65,83,45,94,1876,1911,0.61,0.2,7.83
"Saturday, October 4, 2014",68,56,80,65,83,47,94,2011,1990,0.15,0.19,2.24
"Sunday, October 5, 2014",60,47,73,64,83,46,94,1987,1951,0,0.18,4.51
"Monday, October 6, 2014",64,50,78,64,83,49,95,1979,1951,0,0.17,3.48
"Tuesday, October 7, 2014",72,60,84,64,82,47,95,2010,1951,0,0.18,6.14
"Wednesday, October 8, 2014",76,63,89,63,82,44,95,1987,1949,0,0.17,3.91
"Thursday, October 9, 2014",76,64,88,63,82,46,94,2000,1941,0,0.17,1.8
"Friday, October 10, 2014",76,65,87,63,82,46,93,2000,2009,0,0.16,3.56
"Saturday, October 11, 2014",75,62,88,62,82,45,91,1906,1959,0,0.16,4.3
"Sunday, October 12, 2014",74,62,86,62,81,46,92,1971,2009,0,0.15,2.31
"Monday, October 13, 2014",76,66,86,62,81,43,89,1977,1986,0.03,0.14,1.82
"Tuesday, October 14, 2014",79,70,88,61,81,40,91,1977,1912,1.04,0.12,1.99
"Wednesday, October 15, 2014",69,59,78,61,81,40,90,1977,1990,0.04,0.13,2.24
"Thursday, October 16, 2014",66,53,78,61,80,39,90,1978,1925,0,0.12,6.47
"Friday, October 17, 2014",66,52,80,60,80,37,91,1977,1989,0,0.11,3.86
"Saturday, October 18, 2014",69,54,84,60,80,36,91,1977,1980,0,0.11,7.47
"Sunday, October 19, 2014",67,57,76,59,80,43,91,1981,1980,0,0.1,9.21
"Monday, October 20, 2014",69,56,82,59,80,40,89,1981,2006,0,0.09,3.87
"Tuesday, October 21, 2014",71,59,83,59,79,36,89,1989,1993,0,0.09,3.18
"Wednesday, October 22, 2014",63,52,74,58,79,39,92,1976,2006,0,0.09,5.26
"Thursday, October 23, 2014",61,49,73,58,79,40,88,1976,2007,0,0.08,3.6
"Friday, October 24, 2014",61,46,75,58,79,37,87,2006,1949,0,0.09,4.69
"Saturday, October 25, 2014",62,47,77,57,78,38,89,2006,2010,0,0.08,4.76
"Sunday, October 26, 2014",65,47,83,57,78,38,89,1980,2010,0,0.07,1.79
"Monday, October 27, 2014",71,54,87,57,78,40,90,1926,2010,0,0.07,2.64
"Tuesday, October 28, 2014",70,55,84,56,78,37,89,2008,2010,0,0.08,1.93
"Wednesday, October 29, 2014",72,58,85,56,78,33,87,2008,1984,0,0.07,1.76
"Thursday, October 30, 2014",70,59,81,56,77,37,86,1910,1951,0,0.08,3.97
"Friday, October 31, 2014",63,50,75,55,77,38,86,1993,1896,0,0.07,2.84
"Saturday, November 1, 2014",50,42,57,55,77,33,88,1993,1961,0,0.07,2.75
"Sunday, November 2, 2014",50,37,62,55,77,35,87,1993,1961,0,0.08,1.37
"Monday, November 3, 2014",52,36,68,54,76,30,86,1954,2004,0,0.07,2.5
"Tuesday, November 4, 2014",61,47,74,54,76,31,87,1966,1992,0,0.08,2.68
"Wednesday, November 5, 2014",67,56,78,54,76,35,87,1976,2003,0,0.07,1.51
"Thursday, November 6, 2014",69,56,82,53,76,32,86,1976,2003,0,0.08,1.92
"Friday, November 7, 2014",55,43,67,53,76,36,87,1976,1986,0,0.07,1.64
"Saturday, November 8, 2014",56,41,70,53,75,30,85,1976,1986,0,0.08,1.86
"Sunday, November 9, 2014",62,54,70,53,75,25,88,1976,1986,0,0.08,1.28
"Monday, November 10, 2014",59,52,65,52,75,33,84,1976,1948,0,0.07,2.29
"Tuesday, November 11, 2014",66,52,80,52,75,35,87,1977,1986,0,0.07,2.79
"Wednesday, November 12, 2014",61,45,77,52,74,31,87,2011,1986,0,0.07,1.3
"Thursday, November 13, 2014",64,55,73,52,74,31,86,1987,1889,0,0.07,0.86
"Friday, November 14, 2014",53,44,61,51,74,31,84,1984,2008,0,0.07,2.21
"Saturday, November 15, 2014",50,40,60,51,74,29,85,1969,1958,0,0.07,1.5
"Sunday, November 16, 2014",62,47,77,51,73,25,85,1940,2011,0,0.07,2.1
"Monday, November 17, 2014",67,52,81,50,73,29,85,1970,1957,0.95,0.06,1.28
"Tuesday, November 18, 2014",43,33,52,50,73,32,85,2008,1938,0,0.07,1.26
"Wednesday, November 19, 2014",40,27,53,50,73,27,84,2014,1948,0,0.07,1.21
"Thursday, November 20, 2014",45,24,65,50,73,24,86,2014,1988,0,0.06,2.17
"Friday, November 21, 2014",51,33,68,49,72,26,84,1937,1962,0,0.06,1.16
"Saturday, November 22, 2014",62,51,72,49,72,25,84,2000,1948,0,0.06,2.08
"Sunday, November 23, 2014",73,68,78,49,72,28,84,2000,1992,1.11,0.06,2.01
"Monday, November 24, 2014",78,70,86,49,72,25,86,1970,2014,0,0.06,1.21
"Tuesday, November 25, 2014",66,61,71,48,71,21,85,1970,1992,1.69,0.07,1.69
"Wednesday, November 26, 2014",52,41,63,48,71,27,84,1950,1946,0.21,0.06,1.48
"Thursday, November 27, 2014",51,40,61,48,71,30,83,1903,1973,0,0.07,0.94
"Friday, November 28, 2014",44,35,53,48,70,26,85,1903,1948,0,0.08,3.61
"Saturday, November 29, 2014",51,34,68,47,70,30,85,1959,1978,0,0.08,2.24
"Sunday, November 30, 2014",58,41,74,47,70,26,84,1959,1982,0,0.08,1.81
"Monday, December 1, 2014",63,49,77,47,70,28,84,1979,1981,0,0.08,3.43
"Tuesday, December 2, 2014",66,52,79,47,69,25,84,1876,1991,0,0.09,1.12
"Wednesday, December 3, 2014",66,56,76,47,69,24,83,1876,1991,0,0.09,2.7
"Thursday, December 4, 2014",65,54,76,46,69,25,84,1876,1994,0,0.09,3.81
"Friday, December 5, 2014",63,60,65,46,69,25,83,1876,2013,0,0.09,1.28
"Saturday, December 6, 2014",70,60,79,46,69,26,83,1876,2013,0,0.09,1.38
"Sunday, December 7, 2014",59,54,63,46,68,21,83,1937,2013,0.01,0.09,2.03
"Monday, December 8, 2014",53,49,56,45,68,24,83,2010,1978,0,0.08,1.8
"Tuesday, December 9, 2014",50,40,60,45,68,28,84,1984,2004,0,0.09,3.29
"Wednesday, December 10, 2014",48,36,59,45,68,25,82,1974,1961,0,0.08,2.86
"Thursday, December 11, 2014",47,34,59,45,67,23,83,1981,1961,0,0.09,1.34
"Friday, December 12, 2014",50,35,64,45,67,22,83,1962,1961,0,0.09,2.72
"Saturday, December 13, 2014",50,31,68,44,67,12,83,1962,1956,0,0.09,2.86
"Sunday, December 14, 2014",51,31,71,44,67,20,82,2010,1956,0,0.08,2.07
"Monday, December 15, 2014",52,34,70,44,67,21,84,2010,2009,0,0.09,1.59
"Tuesday, December 16, 2014",55,34,76,44,66,26,83,1968,1956,0,0.09,1.86
"Wednesday, December 17, 2014",53,40,66,44,66,26,81,1943,1961,0,0.09,3.96
"Thursday, December 18, 2014",52,39,64,43,66,25,81,1988,1961,0,0.1,1.54
"Friday, December 19, 2014",56,41,70,43,66,23,83,1975,1967,0,0.1,2.14
"Saturday, December 20, 2014",60,51,69,43,66,19,82,1981,1990,0,0.1,2.86
"Sunday, December 21, 2014",57,56,58,43,66,20,83,1901,2013,0.16,0.1,4.69
"Monday, December 22, 2014",63,56,70,43,65,25,84,1973,2013,2.59,0.1,2.89
"Tuesday, December 23, 2014",68,62,74,43,65,24,84,1989,1956,0.74,0.09,1.41
"Wednesday, December 24, 2014",72,64,79,42,65,18,81,1983,1981,0.22,0.1,1.65
"Thursday, December 25, 2014",53,42,64,42,65,11,81,1983,1984,0,0.09,2.72
"Friday, December 26, 2014",53,38,67,42,65,13,83,1983,1987,0,0.1,1.59
"Saturday, December 27, 2014",62,49,74,42,65,23,81,1935,2008,0,0.08,1.63
"Sunday, December 28, 2014",68,54,82,42,65,20,83,2010,1971,0,0.09,2.61
"Monday, December 29, 2014",69,58,79,42,65,14,82,1894,1990,0.02,0.08,2.06
"Tuesday, December 30, 2014",64,56,71,42,65,19,83,1909,1990,0,0.09,1.12
"Wednesday, December 31, 2014",53,49,57,42,65,19,82,1917,1973,0,0.09,1.83
"Thursday, January 1, 2015",55,48,61,41,65,21,81,1918,1967,0,0.09,1.2
"Friday, January 2, 2015",53,48,57,42,65,21,82,1928,1988,0,0.09,1.83
"Saturday, January 3, 2015",71,60,81,41,64,19,81,1979,2015,0,0.09,1.97
"Sunday, January 4, 2015",72,65,79,41,64,22,82,1887,1973,0.27,0.09,1.74
"Monday, January 5, 2015",56,45,66,41,64,23,81,1999,1972,0,0.09,2.4
"Tuesday, January 6, 2015",56,40,71,41,64,21,83,1999,2007,0,0.09,1.97
"Wednesday, January 7, 2015",52,39,65,41,64,21,82,1924,2007,0,0.1,2.96
"Thursday, January 8, 2015",34,27,40,41,64,21,82,1970,2005,0,0.09,3.09
"Friday, January 9, 2015",45,35,55,41,64,19,83,1970,1974,0,0.11,2.1
"Saturday, January 10, 2015",47,38,56,41,64,21,82,1970,1957,0,0.1,2.11
"Sunday, January 11, 2015",56,48,63,41,64,17,83,1982,1972,0.07,0.11,2.69
"Monday, January 12, 2015",62,57,66,41,64,15,82,1886,1949,1.07,0.11,2.68
"Tuesday, January 13, 2015",58,52,64,41,64,13,82,1981,1972,0,0.11,2.23
"Wednesday, January 14, 2015",50,47,53,41,65,23,81,1964,1888,0,0.11,2.35
"Thursday, January 15, 2015",45,42,48,41,65,22,83,1979,1989,0.19,0.11,0.89
"Friday, January 16, 2015",49,38,60,41,65,22,84,1927,1947,0,0.1,1.67
"Saturday, January 17, 2015",51,35,66,41,65,21,84,1977,1943,0,0.11,2.43
"Sunday, January 18, 2015",56,42,69,41,65,21,83,1977,1937,0,0.11,0.62
"Monday, January 19, 2015",51,33,68,41,65,19,83,1977,1937,0,0.11,2.9
"Tuesday, January 20, 2015",54,36,71,41,65,19,83,1985,1990,0,0.11,1.61
"Wednesday, January 21, 2015",62,48,75,41,65,7,83,1985,1921,0,0.12,1.71
"Thursday, January 22, 2015",59,45,72,42,65,16,82,1985,1999,0,0.12,1.21
"Friday, January 23, 2015",60,52,67,42,65,25,82,1960,1974,1.34,0.11,2.33
"Saturday, January 24, 2015",55,40,69,42,65,19,83,2003,1937,0.12,0.12,2.18
"Sunday, January 25, 2015",49,35,63,42,65,20,83,2003,1990,0,0.12,2.64
"Monday, January 26, 2015",52,44,60,42,65,17,82,1905,1950,0.02,0.12,2.31
"Tuesday, January 27, 2015",50,36,63,42,66,17,84,1940,1962,0,0.11,1.11
"Wednesday, January 28, 2015",45,34,55,42,66,16,83,1986,1957,0,0.12,2.06
"Thursday, January 29, 2015",49,31,67,42,66,22,84,1897,1957,0,0.11,1.63
"Friday, January 30, 2015",55,42,67,42,66,20,85,1966,2013,0,0.12,1.14
"Saturday, January 31, 2015",48,36,60,42,66,20,84,1966,1982,0,0.11,3.43
"Sunday, February 1, 2015",56,38,74,43,66,24,83,1977,1957,0,0.11,2.82
"Monday, February 2, 2015",55,41,68,43,66,23,84,1979,1990,0.32,0.11,3.68
"Tuesday, February 3, 2015",44,31,56,43,66,16,86,1917,1990,0,0.11,4.93
"Wednesday, February 4, 2015",51,45,56,43,67,23,84,1981,1957,0.42,0.11,0.99
"Thursday, February 5, 2015",53,42,64,43,67,19,87,1996,1957,0.87,0.1,2
"Friday, February 6, 2015",47,37,57,43,67,23,85,2009,1989,0,0.11,3.06
"Saturday, February 7, 2015",50,34,66,43,67,25,80,1988,1904,0,0.1,1.89
"Sunday, February 8, 2015",57,40,73,44,67,14,84,1895,1957,0,0.11,2.49
"Monday, February 9, 2015",55,42,68,44,67,19,88,1895,1937,0.13,0.11,1.64
"Tuesday, February 10, 2015",53,45,60,44,67,26,84,1979,1957,0,0.1,1.22
"Wednesday, February 11, 2015",52,40,64,44,68,24,84,1971,1939,0,0.11,1.8
"Thursday, February 12, 2015",56,41,70,44,68,24,83,2012,1965,0,0.11,1.64
"Friday, February 13, 2015",42,32,51,44,68,10,85,1899,1959,0,0.1,1.86
"Saturday, February 14, 2015",46,29,62,45,68,16,86,1899,1959,0,0.11,2.66
"Sunday, February 15, 2015",53,42,63,45,68,23,83,1943,2001,0,0.11,2.65
"Monday, February 16, 2015",59,43,74,45,68,25,86,1991,1990,0,0.12,2.46
"Tuesday, February 17, 2015",56,45,66,45,69,23,83,2007,1956,0.62,0.12,2.44
"Wednesday, February 18, 2015",46,35,57,45,69,18,85,1900,1956,0,0.12,2.07
"Thursday, February 19, 2015",35,27,42,45,69,24,86,1958,1891,0,0.12,2.66
"Friday, February 20, 2015",36,24,47,46,69,24,86,2015,1961,0,0.12,3.19
"Saturday, February 21, 2015",50,30,70,46,69,25,85,1958,1997,0,0.12,1.77
"Sunday, February 22, 2015",65,50,79,46,70,29,85,1958,1961,0,0.13,2.53
"Monday, February 23, 2015",65,53,76,46,70,25,85,1978,1962,0,0.12,1.59
"Tuesday, February 24, 2015",51,49,53,46,70,27,88,1989,1962,0.32,0.12,1.47
"Wednesday, February 25, 2015",56,47,65,47,70,24,85,1989,2001,0,0.13,3.2
"Thursday, February 26, 2015",57,47,67,47,70,22,88,1967,1962,0.62,0.12,1.19
"Friday, February 27, 2015",49,44,53,47,70,25,86,1974,1962,0,0.12,3.28
"Saturday, February 28, 2015",51,48,54,47,71,25,87,2002,1962,0.02,0.12,1.98
"Sunday, March 1, 2015",56,49,63,47,71,28,87,2002,1997,0.2,0.14,4.36
"Monday, March 2, 2015",67,53,81,47,71,27,86,1890,1997,0,0.13,3.3
"Tuesday, March 3, 2015",69,57,81,48,71,23,88,1980,2012,0,0.15,2.38
"Wednesday, March 4, 2015",74,62,85,48,71,24,86,1980,1953,0,0.14,1.31
"Thursday, March 5, 2015",72,58,85,48,72,28,87,1971,1985,0.15,0.14,3
"Friday, March 6, 2015",55,45,64,48,72,28,88,1960,1961,0,0.15,1.6
"Saturday, March 7, 2015",50,39,61,48,72,29,87,1899,1956,0,0.14,2.71
"Sunday, March 8, 2015",54,38,70,48,72,26,88,1899,1945,0,0.13,0.93
"Monday, March 9, 2015",61,45,77,49,72,27,88,1996,1974,0,0.13,4.87
"Tuesday, March 10, 2015",69,52,86,49,73,26,91,1932,1974,0,0.13,1.69
"Wednesday, March 11, 2015",75,64,86,49,73,31,89,1934,1967,0,0.13,2.66
"Thursday, March 12, 2015",65,54,76,49,73,32,91,2011,1967,0,0.13,1.41
"Friday, March 13, 2015",72,64,80,49,73,32,88,1998,1982,0.01,0.14,1.74
"Saturday, March 14, 2015",77,66,87,49,73,28,89,1926,1956,0,0.12,1.4
"Sunday, March 15, 2015",72,61,83,50,74,27,90,1993,1967,0,0.13,2.63
"Monday, March 16, 2015",68,51,84,50,74,30,89,1988,1945,0,0.13,2.35
"Tuesday, March 17, 2015",71,54,88,50,74,30,88,1890,2002,0,0.12,2.63
"Wednesday, March 18, 2015",67,59,74,50,74,32,89,1971,1963,0,0.13,3.02
"Thursday, March 19, 2015",69,59,78,50,74,29,89,1892,1955,0.01,0.12,1.51
"Friday, March 20, 2015",70,61,79,50,75,34,89,1923,1945,0,0.12,3.04
"Saturday, March 21, 2015",73,64,82,51,75,30,90,1971,1907,0.53,0.12,0.95
"Sunday, March 22, 2015",70,62,77,51,75,31,90,1876,1935,0.08,0.11,1.77
"Monday, March 23, 2015",63,59,67,51,75,33,91,1986,1935,0.47,0.11,2.34
"Tuesday, March 24, 2015",62,57,66,51,75,35,91,1968,1907,0.03,0.11,3.31
"Wednesday, March 25, 2015",67,59,75,51,75,34,90,2008,1954,0,0.12,2.34
"Thursday, March 26, 2015",68,58,77,51,76,32,88,1979,1949,0.53,0.12,1.65
"Friday, March 27, 2015",64,51,76,51,76,32,89,1894,1991,0.28,0.13,3.91
"Saturday, March 28, 2015",53,42,63,52,76,35,89,2013,1994,0,0.12,7.12
"Sunday, March 29, 2015",51,39,62,52,76,34,89,1955,1991,0,0.12,1.92
"Monday, March 30, 2015",59,40,78,52,76,36,89,1964,1961,0,0.12,1.43
"Tuesday, March 31, 2015",68,55,81,52,76,32,88,1964,1954,0,0.12,4.31
"Wednesday, April 1, 2015",71,58,84,52,77,34,89,1987,1974,0.05,0.11,2.24
"Thursday, April 2, 2015",68,54,81,52,77,36,90,1987,2012,0,0.1,3.24
"Friday, April 3, 2015",73,59,87,52,77,39,89,1962,2012,0,0.11,7.35
"Saturday, April 4, 2015",71,59,83,53,77,38,90,1992,1974,0.12,0.1,1.24
"Sunday, April 5, 2015",68,60,75,53,77,35,89,1975,1880,0,0.1,2.46
"Monday, April 6, 2015",70,60,80,53,77,34,90,1891,1947,0,0.09,1.8
"Tuesday, April 7, 2015",73,60,86,53,78,38,92,1974,1967,0.46,0.1,1.82
"Wednesday, April 8, 2015",75,63,86,53,78,31,91,2007,1978,0,0.1,1.92
"Thursday, April 9, 2015",74,62,85,53,78,37,92,2000,2011,0,0.1,1.75
"Friday, April 10, 2015",77,65,89,54,78,37,92,2000,2011,0,0.1,3.83
"Saturday, April 11, 2015",74,65,82,54,78,37,91,1996,2011,0,0.09,2.8
"Sunday, April 12, 2015",75,69,81,54,79,41,92,1989,1965,0.48,0.1,1.7
"Monday, April 13, 2015",76,69,83,54,79,35,92,1940,2001,0.22,0.09,1.68
"Tuesday, April 14, 2015",78,67,88,54,79,40,90,1907,1922,0,0.1,2.42
"Wednesday, April 15, 2015",76,67,85,54,79,39,90,2004,1972,0.11,0.08,2.08
"Thursday, April 16, 2015",67,64,70,55,79,40,90,2008,1972,0,0.09,0.91
"Friday, April 17, 2015",70,62,78,55,79,38,93,1950,1967,0,0.09,1
"Saturday, April 18, 2015",75,63,87,55,80,37,94,2001,1967,0.27,0.08,2.6
"Sunday, April 19, 2015",77,68,86,55,80,36,92,2001,1968,0,0.09,4.53
"Monday, April 20, 2015",70,63,77,55,80,40,92,1983,1968,0.04,0.09,2.46
"Tuesday, April 21, 2015",72,62,81,56,80,38,95,1983,1968,0,0.08,2.29
"Wednesday, April 22, 2015",70,54,85,56,80,42,93,1950,1968,0,0.08,1.21
"Thursday, April 23, 2015",74,60,88,56,81,37,92,1993,1970,0,0.08,2.4
"Friday, April 24, 2015",68,61,75,56,81,39,93,1986,1958,0,0.07,1.04
"Saturday, April 25, 2015",70,60,79,57,81,40,92,2005,1958,0.91,0.07,1.89
"Sunday, April 26, 2015",80,70,90,57,81,40,92,1974,2011,0,0.07,0.86
"Monday, April 27, 2015",71,65,76,57,82,42,94,1977,1986,0,0.07,1.81
"Tuesday, April 28, 2015",68,65,71,57,82,43,94,1977,1991,0.01,0.07,2.65
"Wednesday, April 29, 2015",71,62,79,58,82,43,93,1973,1991,0,0.07,1.5
"Thursday, April 30, 2015",68,57,79,58,82,42,93,1874,1991,0,0.07,2.39
"Friday, May 1, 2015",66,53,78,58,82,47,96,2000,1990,0,0.06,1.99
"Saturday, May 2, 2015",63,49,77,59,83,47,95,1941,1990,0,0.06,2.28
"Sunday, May 3, 2015",66,51,81,59,83,47,94,1981,2002,0,0.06,2.17
"Monday, May 4, 2015",67,54,80,59,83,45,93,1971,2006,0,0.06,4.21
"Tuesday, May 5, 2015",70,59,80,59,83,46,94,1976,1898,0,0.07,0.95
"Wednesday, May 6, 2015",71,61,80,60,84,45,96,1973,2012,0,0.07,1.64
"Thursday, May 7, 2015",73,59,86,60,84,49,94,1992,1977,0,0.07,3.79
"Friday, May 8, 2015",76,64,87,60,84,45,96,1992,1955,0,0.07,1.29
"Saturday, May 9, 2015",76,62,89,61,84,48,96,1928,1962,0,0.07,1.24
"Sunday, May 10, 2015",78,63,92,61,84,49,93,1984,1899,0,0.07,1.18
"Monday, May 11, 2015",80,67,92,61,85,47,95,1986,1973,0,0.07,2.42
"Tuesday, May 12, 2015",80,67,92,62,85,47,97,1981,1967,0,0.07,1.9
"Wednesday, May 13, 2015",80,67,92,62,85,47,100,1941,1967,0,0.06,8.18
"Thursday, May 14, 2015",76,67,85,62,85,47,99,2013,1967,0,0.07,2.02
"Friday, May 15, 2015",76,70,81,62,85,52,97,2002,1967,0,0.07,2.18
"Saturday, May 16, 2015",71,60,82,63,86,52,96,1951,1995,0,0.06,0.63
"Sunday, May 17, 2015",75,63,86,63,86,46,96,1973,1995,0,0.07,1.36
"Monday, May 18, 2015",76,65,87,63,86,46,96,2011,1899,0,0.07,4.94
"Tuesday, May 19, 2015",81,69,93,64,86,51,97,1977,1960,0.14,0.07,2.14
"Wednesday, May 20, 2015",80,67,92,64,86,46,99,1894,1962,0,0.07,5.07
"Thursday, May 21, 2015",82,69,94,64,87,50,99,2002,1938,0,0.09,2.61
"Friday, May 22, 2015",75,64,86,65,87,47,99,1981,1938,0,0.09,7.59
"Saturday, May 23, 2015",73,63,83,65,87,48,97,1993,1953,0,0.09,2.87
"Sunday, May 24, 2015",77,70,84,65,87,52,98,2001,1953,0,0.1,4.09
"Monday, May 25, 2015",79,70,87,66,87,55,99,1892,1953,0,0.1,2.74
"Tuesday, May 26, 2015",80,71,88,66,87,47,99,1979,1953,0,0.1,2.4
"Wednesday, May 27, 2015",78,69,86,66,88,49,98,1979,1962,0,0.11,5.4
"Thursday, May 28, 2015",73,62,84,66,88,52,99,1988,1967,0,0.1,4.47
"Friday, May 29, 2015",74,62,85,67,88,53,97,1988,1967,0,0.11,2.83
"Saturday, May 30, 2015",73,65,81,67,88,51,97,1971,1945,0.94,0.12,1.82
"Sunday, May 31, 2015",77,67,86,67,88,50,98,1984,1945,0,0.13,3.38
"Monday, June 1, 2015",78,66,89,67,88,47,99,1984,1945,0.72,0.16,2.8
"Tuesday, June 2, 2015",75,64,85,68,88,53,100,1984,1985,0.03,0.17,3.13
"Wednesday, June 3, 2015",78,68,88,68,89,57,100,1966,1985,0.24,0.17,5.31
"Thursday, June 4, 2015",77,67,86,68,89,61,100,1966,1985,0,0.17,5.85
"Friday, June 5, 2015",77,67,86,68,89,59,100,1972,1943,0.02,0.17,3.31
"Saturday, June 6, 2015",78,66,89,69,89,60,99,1971,1985,0,0.18,5.92
"Sunday, June 7, 2015",77,66,87,69,89,59,100,2006,1993,0,0.19,4.72
"Monday, June 8, 2015",79,68,89,69,89,58,99,1998,1993,0,0.19,3.42
"Tuesday, June 9, 2015",82,73,91,69,89,58,101,1987,1872,0,0.2,2.36
"Wednesday, June 10, 2015",78,70,86,69,89,58,100,1913,1954,0.92,0.2,5.11
"Thursday, June 11, 2015",78,67,89,70,90,57,99,1960,2010,0,0.21,3.44
"Friday, June 12, 2015",80,68,92,70,90,54,99,1913,1998,0,0.22,3.38
"Saturday, June 13, 2015",82,71,93,70,90,57,100,1979,1977,0,0.23,6.07
"Sunday, June 14, 2015",81,68,94,70,90,57,101,1972,1998,0,0.23,4.15
"Monday, June 15, 2015",81,68,94,70,90,57,102,1995,1981,0,0.23,3.6
"Tuesday, June 16, 2015",83,69,96,70,90,62,102,2002,1981,0,0.24,2.45
"Wednesday, June 17, 2015",85,72,97,70,90,61,100,1961,1944,0,0.24,2.49
"Thursday, June 18, 2015",85,72,97,71,90,59,100,2012,1950,0,0.24,2.78
"Friday, June 19, 2015",86,73,98,71,90,60,103,1899,1998,0.71,0.24,4.37
"Saturday, June 20, 2015",86,74,97,71,90,60,100,1899,1990,0,0.23,2.15
"Sunday, June 21, 2015",86,76,96,71,91,60,99,1965,1950,0.06,0.23,2.85
"Monday, June 22, 2015",84,70,97,71,91,62,99,1965,1970,1.7,0.24,2.11
"Tuesday, June 23, 2015",81,71,91,71,91,63,99,1879,1981,0.25,0.23,2.27
"Wednesday, June 24, 2015",85,74,95,71,91,63,101,2003,1914,0,0.23,4.6
"Thursday, June 25, 2015",81,73,89,71,91,64,99,1889,1950,1.16,0.23,7.36
"Friday, June 26, 2015",82,73,90,72,91,63,101,1966,1952,0.02,0.23,5.2
"Saturday, June 27, 2015",84,75,92,72,91,65,102,1936,1950,0,0.24,1.39
"Sunday, June 28, 2015",82,73,91,72,91,63,101,2012,1954,0.23,0.23,1.37
"Monday, June 29, 2015",79,71,86,72,91,63,100,1981,1998,0.23,0.24,5.9
"Tuesday, June 30, 2015",79,69,89,72,91,66,100,1974,1990,0.03,0.24,5.91

